snoDB1	SNORA4	ACA4	H/ACA	3	186787613	186787749	+	137		HGNC:32587		URS000000AB5A	NR_002588.1	619568		SR0000316	Homo_sapiens300617	snoID_0448	Tetrapodes and Teleostes									1.00	rRNA						18S_U1347																			TACCAAAAGTTAGCTTTTTGGGGGGCAGGTTTTTAAGTAACCTTTGCCAACTTGGGCTATTTGGAAGAGTAAAAGACCACACTCCACAGTGGGCTATACCACTTAGTATAGTTCGCTACTATTTTGTGGCCTACATG	
snoDB119	SNORD117	U83	C/D	6	31536374	31536449	-	76	ENSG00000201785	HGNC:32742	ENSG00000201785	URS00002F13BD	NR_003140.1	692233	RF00137	SR0000332	Homo_sapiens300525	snoID_0099	Deuterostomes	ENSG00000198563	DDX39B	D6S81E, UAP56, BAT1	protein_coding	31530219.00	31542448.00	-	RNA binding, processing, splicing	19.00	Others			SCARNA14, SCARNA7				SCARNA10, SNORD116-9, SNORD118, SNORD20, SNORD22, SNORD25, SNORD27, SNORD47, SNORD48, SNORD51, SNORD53, SNORD59A, SNORD81, SNORD82, SNORD83A, SNORD84, SNORD94			Yes	506	393	660	679	481	106	7	106	7	4	1	4	2	3	GCCAAATGATGTTTATTTGAAACAGGAGCACCTCAGTGCAAGGACGACTCTTATCTATCACCCATGACTGATGGCT	0.0
snoDB224	SCARNA10	U85		12	6510222	6510551	+	330	ENSG00000239002	HGNC:32567	ENSG00000239002	URS0000569A4A	NR_004387.1	692148	RF01296	SR0000073	Homo_sapiens300786	snoID_0608	Tetrapodes and Teleostes	ENSG00000010292	NCAPD2	CAP-D2, CNAP1, hCAP-D2, KIAA0159	protein_coding	6493356.00	6531955.00	+	chromatin: condensin complex	16.00	Others, rRNA, snRNA		AC002407.3	SCARNA7			RNA5-8S5, RNA5S10	SCARNA12, SNORA48, SNORD105, SNORD117, SNORD20, SNORD27, SNORD46, SNORD59A, SNORD94	RNU5F-1, U5_C45, U5_U46		Yes	122	91	61	35	195	139	4	139	4	1	0	1	0	1	GCCACATGATGATATCAAGGCTGTTGTGATTCAGTTGGTTTGGCTAAGCCCAGGGACCTTTGGCCTGTTAAAGGTCTGTAATCTTGGTGGGCGATACAGAGTTATGTGTGTTCACTGTAAGGGCAGACCAACAAGAACTTTTTCCTACTTTTGAGCTACCTCTTTTTAATAGGGGTGATTCTTCCAGTTGCTGGAGAGAAATTGTGGTAACTGGAGTGAGAGAGTAGGAACAGGGCATGTTCAGGGTATCAGGGCCAAGGGTCCTAAAGGACTTAGCTTGTGTTATGGCCACTGAGAGATGAAACACAGATCTTTGGTAATCTGATGGCT	3.03
snoDB1647	U3		C/D	X	69692956	69693155	+	200	ENSG00000212434		ENSG00000212434	URS000064E1DF			RF00012					ENSG00000158813	EDA	ED1-A1, ED1-A2, EDA1, EDA-A1, EDA-A2, HED, XHED, XLHED, ED1, EDA2, ODT1	protein_coding	69616067.00	70039469.00	+	Non-nuclear: type II membrane protein that can be cleaved to be secreted												No	0	0	0	0	0	1	0	1	0	0	0	0	0	0	AAGACTATACTTTCAGGGATCATTTCTATAGTTTATTACTGGAGAAGTTTCTTTGAATGTATAGAGCACTAAAAACCATATTATCTCCCAAGTGTAAAGCTGCCTCTTGGTGTTGGTTTACTTCAGTTGCCATTTGCCATTAATGATTGTTCTTCTTTTCTTTGGGGAGAATAAGAGACAGAGGACACAGTCTGGGTGGG	0.0
snoDB964	SNORD116		C/D	1	215630026	215630117	-	92	ENSG00000202498		ENSG00000202498	URS00006D8D58			RF00108		Homo_sapiens300678			ENSG00000042781	USH2A	RP39, USH2	protein_coding	215622894.00	216423396.00	-	Non-nuclear: membrane	15.00	Others, rRNA, snRNA	MEG3, TERC		RN7SL1	PWAR5		18S_1162	SNORA35, SNORD108, SNORD109A, SNORD113-1, SNORD115, SNORD115-11, SNORD116-9, SNORD64	RN7SK		No	0	0	0	0	1	0	0	0	0	0	1	0	0	0	AGATCATTGATGACTTCCATATATCCATTCCTTGGAAAGCTGAACAACATGAGTGAAAACTCTACTGAAAAAAGAAAAGAAATGGGAGGCCG	0.0
snoDB180	SNORD105	U105	C/D	19	10107651	10107735	+	85	ENSG00000209645	HGNC:32769	ENSG00000209645	URS0000467AB5	NR_004381.1	692229	RF00584	SR0000260	Homo_sapiens300558	snoID_0150	Eutherians	ENSG00000130810	PPAN	BXDC3, SSF, SSF1, SSF2	protein_coding	10106289.00	10111634.00	+	RNA binding, processing, splicing	4.00	Others, rRNA						18S_U799, RNA5S10	SCARNA10, SNORD78			Yes	1362	302	1402	1684	48	143	1	143	1	0	0	0	0	0	CCCCTATCTCTCATGATGAACACATATGCCTCTGAGCTGCTGTGATTTCTGGCTTCAAAGTAAACGCTCTGAAGAAGAGATGGGG	23.53
snoDB1286	SNORD60		C/D	1	206080239	206080324	+	86	ENSG00000252692		ENSG00000252692	URS000072A7CD			RF00271		Homo_sapiens300676			ENSG00000263961	RHEX	FLJ16052, C1orf186	protein_coding	206037231.00	206102459.00	+	poorly characterized	14.00	Others, rRNA			SCARNA7			28S_4340	SCARNA12, SNORA66, SNORA72, SNORD30, SNORD31, SNORD41, SNORD44, SNORD47, SNORD48, SNORD51, SNORD53, SNORD59A			No	0	0	0	0	0	2	23	2	23	0	0	0	0	0	TGTCAAAAATTCCCCAATCCTATTTCTGACACTTCATATGAAAGCTGCATGTGCAGTCTTATTATTATTTTGCAAGCCTGGGGCTT	0.0
snoDB10	SNORD37	U37, RNU37	C/D	19	3982507	3982572	-	66	ENSG00000206775	HGNC:10166	ENSG00000206775	URS00000335D1	NR_002602.1	26812	RF00440	SR0000259	Homo_sapiens300557	snoID_0012	Amniotes	ENSG00000167658	EEF2	EEF-2, EF2	protein_coding	3976056.00	3985469.00	-	Ribosome biogenesis & translation	2.00	Others, rRNA	RP11-353N14					28S_A3697				Yes	79	57	108	80	68	125	697	125	697	668	306	920	364	2442	ATTCGTGATGACTGATCATTTCTTCACTTTGACCAGATGTCTACTGAAGAAAGCCTGCGTCTGAGG	0.0
snoDB238	SNORD7	mgU6-47, Z30	C/D	17	35573657	35573753	+	97	ENSG00000207297	HGNC:32704	ENSG00000207297	URS00005D7632	NR_003037.1	692076	RF00288	SR0000245	Homo_sapiens300437	snoID_0209	Deuterostomes	ENSG00000267321	LINC02001	RP11-1094M14.11	lincRNA	35568120.00	35574792.00	+		11.00	Others, snRNA			SCARNA9				SNORA73A, SNORA74A, SNORD43, SNORD48, SNORD80, SNORD81	RNU1-4, RNU5F-1, U6, U6_A47		Yes	17	19	15	51	18	28	2	28	2	0	0	1	0	1	ATGCGATGATGAGTGAAGTAGAGCCTGACCTGGTATTGCCATTGCTTCACTGTTGGCTTTGACCAGGGTATGATCTCTTAATCTTCTCTCTGAGCTG	10.31
snoDB195	SNORA56	ACA56	H/ACA	X	154774998	154775126	+	129	ENSG00000206693	HGNC:32650	ENSG00000206693	URS00004C6FD8	NR_002984.1	677835	RF00417	SR0000375	Homo_sapiens300647	snoID_0540	Tetrapodes and Teleostes	ENSG00000130826	DKC1	Cbf5, dyskerin, NAP57, NOLA4, XAP101, DKC	protein_coding	154762742.00	154777689.00	+	Ribosome biogenesis & translation	1.00	rRNA						28S_U1664				Yes	15	4	5	4	3	26	17	26	17	1	1	2	1	1	CGGCAGACAGTTATCCCTTTCTAGTCTGGCTCGTGGGACTCTAGAGGGAGTCAGTCTGCAACAGTAAGTGGTGAGTTCTTCTGTCCAGCGTCAGTATTTTGATGGTGGCTTTAGACTTGCCAGATAACA	0.0
snoDB168	SNORD56	U56, RNU56	C/D	20	2656624	2656694	+	71	ENSG00000229686	HGNC:10206	ENSG00000229686	URS0000434604	NR_002739.1	26793	RF00275	SR0000288	Homo_sapiens300478	snoID_0074	Tetrapodes and Teleostes	ENSG00000101361	NOP56	SCA36, NOL5A	protein_coding	2652145.00	2658393.00	+	Ribosome biogenesis & translation	3.00	Others, rRNA						18S_C517	SNORA65, SNORD50A			Yes	308	183	516	441	168	105	24	105	24	3	1	4	1	3	CCACAATGATGGCAATATTTTTCGTCAACAGCAGTTCACCTAGTGAGTGTTGAGACTCTGGGTCTGAGTGA	0.0
snoDB202	SNORA51	ACA51	H/ACA	20	2655067	2655198	+	132	ENSG00000271798	HGNC:32644	ENSG00000271798	URS00004F2BDE	NR_002981.1	677831	RF00432	SR0000286	Homo_sapiens300476	snoID_0469	Tetrapodes and Teleostes	ENSG00000101361	NOP56	SCA36, NOL5A	protein_coding	2652145.00	2658393.00	+	Ribosome biogenesis & translation	6.00	Others, rRNA			STXBP5-AS1	CCDC88B, FTCD, SLC39A12, UBC		28S_1849				Yes	1075	209	1010	1008	369	807	24	807	24	3	1	4	1	3	GGCCTCCTGGTGCTTACCACAGGCTGTGTTCTTACACTGACTGTATAGAAAGAGGAGGTAGAGTAAACCTACCCCATATACACCTCAGCTCAGGCCCTGTGCCTGGTCTGTATTGTGAATGGGGGAACATAG	0.0
snoDB67	SNORA5A	ACA5	H/ACA	7	45104349	45104482	-	134	ENSG00000206838	HGNC:32588	ENSG00000206838	URS00001FC3CF	NR_002919.1	654319	RF00392	SR0000346	Homo_sapiens300620	snoID_0502	Tetrapodes and Teleostes	ENSG00000136270	TBRG4	Cpr2, FASTKD4, H_TD2522F11.8, KIAA0948	protein_coding	45100100.00	45112047.00	-	Non-nuclear: mito TGF beta regulator	2.00	rRNA						18S_U1238, 18S_U1625				Yes	781	297	692	635	459	161	7	161	7	2	2	3	1	5	TGCAGCCGTGTCAAATTCAGTACCTGTCCTATGCATGGTAGGCACTGGCCCAGAAGGCTGCCACAGAAACACTGTGACTCATGGGCCCTGTTCCTGTGTCCCAGGCTCAGGGATAAATTTGGTTACAGACATCA	0.0
snoDB1708	SNORD12	HBII-99, hsa-mir-1259, MIR1259, MIRN1259	C/D	20	49280683	49280772	+	90	ENSG00000212304	HGNC:32708	ENSG00000212304	URS00006B5455	NR_003030.1	692057	RF00581	SR0000298	Homo_sapiens300492	snoID_0195	Deuterostomes	ENSG00000177410	ZFAS1	HSUP1, HSUP2, C20orf199, NCRNA00275, ZNFX1-AS1	antisense	49278178.00	49295738.00	+		6.00	Others, rRNA			Vault, ZFAS1	GOLGA3		28S_G3878	SNORD12B, SNORD12C			Yes	573	434	1713	592	1042	291	36	291	36	6	1	7	4	4	GCCTTTGCAGCTGATGATACAGCTTCTTTCCCCATCAGATCGACCCTGTTGATCTCTACACTATTGGCCAGTTTTGTCTGATGCATTGGC	0.0
snoDB208	SNORD80	U80, Z15, RNU100	C/D	1	173864833	173864903	-	71	NR_003940	HGNC:10096		URS000050BD61	NR_003940.1	26774		SR0000028		snoID_0041	Tetrapodes and Teleostes	ENSG00000234741	GAS5	NCRNA00030, SNHG2	processed_transcript	173863900.00	173868882.00	-	RNA binding, processing, splicing	9.00	Others, rRNA			SCARNA14			28S_A1521, 28S_G1612	SNORA65, SNORA70, SNORD20, SNORD46, SNORD7, SNORD77			Yes	1784	658	3074	1861	301	396	116	396	116	48	14	65	52	21	ACAATGATGATAACATAGTTCAGCAGACTAACGCTGATGAGCAATATTAAGTCTTTCGCTCCTATCTGATG	0.0
snoDB59	SNORA31	ACA31, SNORA31A	H/ACA	13	45337480	45337609	-	130	ENSG00000199477	HGNC:32621	ENSG00000199477	URS000019135F	NR_002967.1	677814	RF00322	SR0000085	Homo_sapiens300600	snoID_0486	Vertebrates	ENSG00000133112	TPT1	fortilin, TCTP	protein_coding	45333471.00	45341370.00	-	Ribosome biogenesis & translation	4.00	Others, rRNA				DNAJA2, SEMA3A		18S_U218, 28S_U3713				Yes	475	115	523	257	110	343	214	343	214	174	148	206	108	1360	CTGCATCCACTGATAGACCTTGAACAATTTACTGTTGTTCTTTTGGTTTGCACTAGGATGCAAAAGAAAGAAATCCCTGCGCTTTCTGTCTGTCTTTGTGGCGGCCCAGATTGAATTGGGGAATACATCT	0.0
snoDB37	SNORA70	DXS648E, U70, RNU70	H/ACA	X	154400281	154400415	+	135	ENSG00000207165	HGNC:10231	ENSG00000207165	URS00000D55EA	NR_000011.1	26778	RF00156	SR0000373	Homo_sapiens300645	snoID_0449	Vertebrates	ENSG00000147403	RPL10	DXS648, DXS648E, FLJ23544, L10, NOV, QM	protein_coding	154389955.00	154409168.00	+	ribosomal protein	12.00	Others, rRNA, snRNA			SCARNA14	RPL10		18S_U1692	SNORA65, SNORA72, SNORD27, SNORD30, SNORD43, SNORD50A, SNORD52, SNORD80	U6		Yes	585	161	1116	364	389	368	218	368	218	170	90	274	138	224	CCGCAGCCAATTAAGCCGACTGAGTTCCTTTCCTCATGGGGACCCAGTGTGCGATGGCTGCACACAGCAGCTTCCTTGGTAGTGTACGCAGCCTGTTGGTTGTATGGGTTGCTCTAAGGGACCTTGGAGACAGGC	0.0
snoDB249	SNORA36A	ACA36	H/ACA	X	154768528	154768659	+	132	ENSG00000206948	HGNC:32628	ENSG00000206948	URS000061AA47	NR_002969.1	677817	RF00340	SR0000374	Homo_sapiens300646	snoID_0530	Tetrapodes and Teleostes	ENSG00000130826	DKC1	Cbf5, dyskerin, NAP57, NOLA4, XAP101, DKC	protein_coding	154762742.00	154777689.00	+	Ribosome biogenesis & translation	4.00	Others, rRNA			SCARNA8			18S_U105, 18S_U1244			TRNA-ARG-AGA_TRNA	Yes	103	76	30	170	75	68	17	68	17	1	1	2	1	1	TTCCAAAGTGTTGAGTTCAGTCCAGGGCAGCTTCCCTGTTCTGTTAATTAAACTTTGGGACATTAAAATGGGCTAAGGGAGATGATTGGGTAGAAAGTATTATTCTATTCATTTGCCTCCCAGCCTACAAAA	0.0
snoDB235	SNORD63	SNORD63A, U63, RNU63	C/D	5	138561043	138561110	-	68	ENSG00000206989	HGNC:10220	ENSG00000206989	URS00005BBB0D	NR_002913.1	26785	RF00154	SR0000326	Homo_sapiens300550	snoID_0070	Amniotes	ENSG00000113013	HSPA9	GRP75, mot-2, mthsp75, PBP74, HSPA9B	protein_coding	138554882.00	138575444.00	-	Non-nuclear: chaperone	9.00	Others, rRNA, snRNA			SNHG1	IL4		28S_A4541	SNORA66, SNORD22, SNORD31, SNORD79	U6, U6atac		Yes	522	591	522	940	338	184	120	184	120	7	12	12	4	13	GTGCAATGATGTATTTTATTCAACACATCATTCTGAAAGAACGTGTGGAAAACTAATGACTGAGCACA	0.0
snoDB883	SNORA77	ACA63, SNORA77A	H/ACA	1	203729581	203729705	+	125	ENSG00000221643	HGNC:32663	ENSG00000221643	URS00006C8370	NR_003019.1	677843	RF00599	SR0000037	Homo_sapiens300674	snoID_0471	Tetrapodes and Teleostes	ENSG00000058668	ATP2B4	PMCA4, ATP2B2, MXRA1	protein_coding	203626561.00	203744081.00	+	Non-nuclear: ATPase plasma membrane Ca2+ transporting	1.00	rRNA						18S_U814				Yes	1540	161	128	1699	488	85	2	85	2	5	1	2	2	1	GCAGACTCACTATGCACCTGACTGTACTTCCAGGCAGGTGCTTTTTCTGTCTGCCAGAGAAACATTCCAGGGTGCTGTGGCTGCCTCACCTATCCAGGGCGATGCAGCTCCCTGGGGACACAGGT	23.44
snoDB1113	SNORD116-9		C/D	15	25073107	25073201	+	95	ENSG00000206727		ENSG00000206727	URS0000700FD3			RF00108		Homo_sapiens300118			ENSG00000224078	SNHG14	NCRNA00214, UBE3A-AS, UBE3A-ATS, UBE3A-AS1	processed_transcript	24978583.00	25419462.00	+		23.00	Others, rRNA	TINCR		FOXD2-AS1, HOTAIR, SCARNA22, SLC26A4-AS1, UCA1			18S_1162	SNORA11, SNORA31, SNORA47, SNORA65, SNORA70F, SNORA74A, SNORD108, SNORD109A, SNORD115, SNORD115-11, SNORD116, SNORD117, SNORD59A, SNORD64, SNORD82			Yes	78	24	439	178	129	2	19	2	19	15	8	72	23	66	GGATCGATGATGAGTCCCCCATAAAAACATTCCTTGGAAAAGCTGAACAAAATGAGTGAGAACTCATACCGTCGTTCTCATCGGAACTGAGGTCC	0.0
snoDB1773	SNORA5C	ACA5c	H/ACA	7	45104906	45105042	-	137	ENSG00000201772	HGNC:32590	ENSG00000201772	URS000072157F	NR_002991.1	677796	RF00392	SR0000347	Homo_sapiens300621	snoID_0526	Tetrapodes and Teleostes	ENSG00000136270	TBRG4	Cpr2, FASTKD4, H_TD2522F11.8, KIAA0948	protein_coding	45100100.00	45112047.00	-	Non-nuclear: mito TGF beta regulator	3.00	Others, rRNA						18S_U1238, 18S_U1625	SNORD117			Yes	122	121	169	209	211	73	7	73	7	2	2	3	1	5	TGCAGTCAAGTCAAATTCAGTGCCCGTTTCTGTCATAGCGGGGGCTGGCCCAGATGGCTGCCACAGCAAGCTCCACAGCTCATGGGCCCTGGGTCACCTACCCTGGGACCTGGGGATAAGTTTGGCTGTGGACAGTG	0.0
snoDB134	SNORA19	ACA19	H/ACA	10	119060011	119060138	-	128	ENSG00000207468	HGNC:32609	ENSG00000207468	URS000033A30E	NR_002917.1	641451	RF00413	SR0000043	Homo_sapiens300474	snoID_0531	Vertebrates	ENSG00000107581	EIF3A	eIF3a, eIF3-p170, eIF3-theta, KIAA0139, TIF32, EIF3, EIF3S10	protein_coding	119033670.00	119080823.00	-	Ribosome biogenesis & translation	2.00	rRNA						28S_U3618, 28S_U3709				Yes	301	16	41	153	28	211	27	211	27	6	3	7	2	7	GTGCACATTTCATTGACCTGCTTTCTTTTATGTGAGTAGTGTTATTTCTTATGTGCTATACAAATAATTGAAGGCTAATTAGCAGTATAACTATAAATAGTAATGCTGCCAGTCTCCTTCAGACAAAA	0.0
snoDB750	SNORD66	HBII-142	C/D	3	184325696	184325771	+	76	ENSG00000212158	HGNC:32727	ENSG00000212158	URS00006A65B9	NR_003055.1	692107	RF00572	SR0000312	Homo_sapiens300614	snoID_0080	Tetrapodes and Teleostes	ENSG00000114867	EIF4G1	p220, PARK18, EIF4F, EIF4G	protein_coding	184314495.00	184335358.00	+	Ribosome biogenesis & translation	2.00	Others, rRNA				RNPEP		18S_C1272				Yes	677	1864	879	1171	1163	160	26	160	26	5	7	8	2	8	TTCCTCTGATGACTTCCTGTTAGTGCCACGTGTCTGGGCCACTGAGACACCATGATGGAACTGAGGATCTGAGGAA	0.0
snoDB148	SNORD15A	U15A, RNU15A	C/D	11	75400391	75400538	+	148	ENSG00000206941	HGNC:10114	ENSG00000206941	URS00003A9200	NR_000005.1	6079	RF00067	SR0000062	Homo_sapiens300741	snoID_0039	Vertebrates	ENSG00000149273	RPS3	FLJ26283, FLJ27450, MGC87870, S3	protein_coding	75399486.00	75422280.00	+	ribosomal protein	5.00	Others, rRNA				DDX3X		28S_3771, 28S_A3764	SNORD15B, U6			Yes	653	44	224	578	65	823	181	823	181	22	9	34	23	37	CTTCGATGAAGAGATGATGACGAGTCTGACTTGGGGATGTTCTCTTTGCCCAGGTGGCCTACTCTGTGCTGCGTTCTGTGGCACAGTTTAAAGAGCCCTGGTTGAAGTAATTTCCTAAAGATGACTTAGAGGCATTTGTCTGAGAAGG	0.0
snoDB48	SNORD109A	HBII-438a	C/D	15	25041974	25042040	+	67	ENSG00000274640	HGNC:32773	ENSG00000274640	URS000011E0DE	NR_001295.1	338428	RF01278	SR0000135	Homo_sapiens300792	snoID_0188	Eutherians	ENSG00000224078	SNHG14	NCRNA00214, UBE3A-AS, UBE3A-ATS, UBE3A-AS1	processed_transcript	24978583.00	25419462.00	+		9.00	Others, rRNA				PWAR5		28S_4414	SNORD108, SNORD115, SNORD115-11, SNORD116, SNORD116-9, SNORD64			Yes	3	5	46	24	17	1	19	1	19	15	8	72	23	66	GGATCGATGATGAGAATAATTGTCTGAGGATGCTGAGGGACTCATTCCAGATGTCAATCTGAGGTCC	0.0
snoDB41	SNORD115-11	HBII-52-11	C/D	15	25189414	25189495	+	82	ENSG00000200486	HGNC:33030	ENSG00000200486	URS00000F2AEF	NR_003303.1	100033448	RF00105	SR0000175	Homo_sapiens300336	snoID_0162	Eutherians	ENSG00000224078	SNHG14	NCRNA00214, UBE3A-AS, UBE3A-ATS, UBE3A-AS1	processed_transcript	24978583.00	25419462.00	+		9.00	Others			SCARNA22	HTR2C			SNORD108, SNORD109A, SNORD115, SNORD116, SNORD116-9, SNORD48, SNORD64			Yes	0	0	2	0	4	0	19	0	19	15	8	72	23	66	GGGTCAATGATGAGAACCTTATATTGTCCTGAAGAGAGGTGATGACTTAAAAATCATGCTCAATAGGATTACGCTGAGGCCC	12.2
snoDB823	SNORD65	HBII-135, SNORD65A	C/D	17	16441226	16441298	+	73	ENSG00000277512	HGNC:32726	ENSG00000277512	URS00006B6C71	NR_003054.1	692106	RF00571	SR0000235	Homo_sapiens300705	snoID_0003	Vertebrates	ENSG00000175061	SNHG29	MGC40157, C17orf45, C17orf76-AS1, FAM211A-AS1, LRRC75A-AS1, NCRNA00188	processed_transcript	16438822.00	16478678.00	+		2.00	Others, rRNA			RN7SKP133			18S_U627				Yes	4014	3485	2706	3690	873	722	34	722	34	21	9	29	15	19	AAATGATGAAATCACCCAAAATAGCTGGAATTACCGGCAGATTGTGTAGTGGTGAACCTATGGTTTTCTGAAG	27.4
snoDB93	SCARNA7	U90		3	160514907	160515236	-	330	ENSG00000238741	HGNC:32563	ENSG00000238741	URS00002B3204	NR_003001.1	677767	RF01295	SR0000310	Homo_sapiens300774	snoID_0598	Tetrapodes and Teleostes									28.00	Others, rRNA, snRNA	LINC01242, PCAT14		SCARNA14, SCARNA17	H2AFV, PTDSS2, SBK1, SCARA3, SCN8A, TMED2		5S_rRNA	SCARNA10, SCARNA12, SNORA66, SNORD117, SNORD20, SNORD25, SNORD27, SNORD30, SNORD31, SNORD41, SNORD53, SNORD60, SNORD94	RNU11, RNU12, RNU1-4, U1_A70		Yes	271	141	155	98	408	279		279							TGGAAATGATGAAATAGAGATAATTGGGTGTTGAATGTTGTATGACTGGAAATTTTTAATATGTATATTATGTAATTCTTATAAGTTTAGTGTTTTATAGGTACTTAATAGAGAGTGTGTATGCATGTGTGTGTGCTTGTGGTGGCTATGGAAAGGGGGCACTGACTGGTGATGCTGATATTGGAGTGCATCTGAGGCTGTTGTAGAAATAACATGGGTTGTTGATTACAACATTGCCAATGATTATAACCCAAGAACAGCTCACCTAACTAGCCTGGCACCCTAAAATCTCTAACAGGTTCATTAAAATGGTCCTGTGATCTGATCCAA	0.0
snoDB640	SNORA80A	ACA67, SNORA80	H/ACA	21	32377187	32377322	-	136	ENSG00000200792	HGNC:32666	ENSG00000200792	URS000068824B	NR_002996.2	677846	RF00406	SR0000299	Homo_sapiens300728	snoID_0497	Vertebrates	ENSG00000142207	URB1	KIAA0539, NPA1, C21orf108	protein_coding	32311018.00	32393026.00	-	Ribosome biogenesis & translation	5.00	Others, rRNA				LYSMD1, TROAP		18S_U109, 18S_U572	SNORA80B			Yes	104	28	225	42	102	66	2	66	2	1	0	3	1	1	GCATGGGTTTGGATTTATGATGGGCCCGTCCCCCTGGACCTCTCATAGTACCCCATGCCAGAGCAAACTGTAGCCCTGAACCATTGCCTGGCCTCTGTTCCCGTAGGCTGCTGGCACTGAAGTGGGTTGCACAATA	7.35
snoDB1117	SNORD112	14q(0)	C/D	14	100897920	100897996	+	77	ENSG00000275662	HGNC:32777	ENSG00000275662	URS00007014CB	NR_003080.1	692215	RF01169	SR0000090	Homo_sapiens300354	snoID_0144	Eutherians	ENSG00000225746	MEG8	AL132709.8, Bsr, Irm, LINC00024, lnc-MGC, NCRNA00024, Rian, SNHG23, SNHG24	lincRNA	100894770.00	101027415.00	+	RNA binding, processing, splicing	1.00	Others							SNORD113			Yes	28	4	49	145	18	0	0	0	0	10	1	3	13	3	TGGACCAATGATGAGACAGTGTTTATGAACAAAAGATCATGATTAATCCAGTTCTGCACAAAACACTGAGGTCCATT	0.0
snoDB6	SNORA46	ACA46	H/ACA	16	58548499	58548633	-	135	ENSG00000207493	HGNC:32639	ENSG00000207493	URS0000018549	NR_002978.1	677827	RF00404	SR0000221	Homo_sapiens300589	snoID_0485	Tetrapodes and Teleostes	ENSG00000125107	CNOT1	AD-005, CDC39, KIAA1007, NOT1H, NOT1	protein_coding	58519951.00	58629886.00	-	chromatin: TF complex	4.00	Others, rRNA	AC000403		SBF2-AS1	PIP5K1A		18S_U649				Yes	403	190	214	470	244	256	12	256	12	3	3	5	2	4	AGCACTATATTTAAACCTGTGGATGGGAATATTCCCCATTCTTGGTTACGCTGTAGTGCAAAAGAATTCCTGGCTCTCTGTTGCACAGCTGACTTGTGCCATTCTGCTGTTGCTGTATAGAGTTAAGGAACATGG	7.41
snoDB220	SNORA2C	ACA34, SNORA34	H/ACA	12	48654382	48654518	-	137	ENSG00000221491	HGNC:32624	ENSG00000221491	URS0000552BBC	NR_002968.1	677815	RF00410	SR0000076	Homo_sapiens300764	snoID_0465	Vertebrates	ENSG00000139620	KANSL2	FLJ20436, NSL2, C12orf41	protein_coding	48653401.00	48682238.00	-	poorly characterized	5.00	Others, rRNA						28S_U4269, 28S_U4282	SNORA22, SNORA44, SNORA54			Yes	597	166	506	299	836	1038	11	1038	11	2	1	2	1	3	GTGGCCCTGACTGAAGACCAGCAGTTGTACTGTGGCTGTTGGTTTCAAGCAGAGGCCTAAAGGACTGTCTTCCTGTGGTCTGTTGGCTGTTCTGGGACCTCAGTAGGGAATGGCTATTTCATTTGGAAGAAACAACC	0.0
snoDB1129	SNORD10		C/D	17	7576811	7576952	+	142	ENSG00000238917		ENSG00000238917	URS0000706530			RF01290					ENSG00000161960	EIF4A1	DDX2A, EIF-4A, EIF4A	protein_coding	7572706.00	7579005.00	+	Ribosome biogenesis & translation	17.00	Others, rRNA, snRNA				GREM2, GRIN2C, IPO5, LGR5, MT-CO1, VAMP3	CTBP2P7	28S_3787	SNORD13	RNU4ATAC, RNU6-263P, RNU6-28P, RNU6-3P, RNU6-429P, RNU6-61P, RNU6-98P, U6		Yes	1777	603	2085	1157	1392	338	4	338	4	3	1	3	2	1	GCTCTGTGATGGAGCCCATGCGTGTCATCTGAGCCTCTGGCTTCCCTGCCAGTGCAGCCCTGGCAGTGTCCTACTTCCCAGGGCTGTTGTCTGCCTGGCGGGAAGGTCCTGGGCAAAGGATCAGTCTTTGTACTCTGAGAGC	7.04
snoDB169	SNORD15B	U15B, RNU15B	C/D	11	75404421	75404566	+	146	ENSG00000207445	HGNC:16649	ENSG00000207445	URS000043549A	NR_000025.1	114599	RF00067	SR0000063	Homo_sapiens300742	snoID_0026	Vertebrates	ENSG00000149273	RPS3	FLJ26283, FLJ27450, MGC87870, S3	protein_coding	75399486.00	75422280.00	+	ribosomal protein	4.00	Others, rRNA				NME2, ZFR		28S_A3764	SNORD15A			Yes	943	291	1036	916	374	875	181	875	181	22	9	34	23	37	CTTCAGTGATGACACGATGACGAGTCAGAAAGGTCACGTCCTGCTCTTGGTCCTTGTCAGTGCCATGTTCTGTGGTGCTGTGCACGAGTTCCTTTGGCAGAAGTGTCCTATTTATTGATCGATTTAGAGGCATTTGTCTGAGAAGG	0.0
snoDB1953	SNORD25		C/D	11	62855564	62855632	-	69	ENSG00000275043		ENSG00000275043	URS00006B61AB			RF00054					ENSG00000255717	SNHG1	LINC00057, lncRNA16, NCRNA00057, UHG	processed_transcript	62851988.00	62855914.00	-		16.00	Others, rRNA, snRNA			SCARNA14, SCARNA17, SCARNA7			18S_1490	SNORA66, SNORA73A, SNORD117, SNORD13, SNORD27, SNORD30, SNORD31, SNORD50A	RNU12, RNU1-4, RNU5F-1, U6		Yes	400	166	470	668	162	231	40	231	40	3	1	4	3	1	CTTCCTATGATGAGGACCTTTTCACAGACCTGTACTGAGCTCCGTGAGGATAAATAACTCTGAGGAGAT	14.49
snoDB55	SNORD28	SNORD28A, U28, RNU28	C/D	11	62854621	62854695	-	75	ENSG00000274544	HGNC:10150	ENSG00000274544	URS000015A7CF	NR_002562.1	9300	RF00085	SR0000058	Homo_sapiens300166	snoID_0029	Mammals	ENSG00000255717	SNHG1	LINC00057, lncRNA16, NCRNA00057, UHG	processed_transcript	62851988.00	62855914.00	-		7.00	Others, rRNA			SNHG1			18S_C1391	SNORA47, SNORA78, SNORD41, SNORD44, SNORD66			Yes	460	44	802	606	79	558	40	558	40	3	1	4	3	1	GTCAGATGATTTGAATTGATAAGCTGATGTTCTGTGAGGTACAAAAGTTAATAGCATGTTAGAGTTCTGATGGCA	0.0
snoDB5	SNORA50A	ACA50, SNORA50, SNORA76A	H/ACA	16	58559796	58559931	-	136	ENSG00000281910	HGNC:32643	ENSG00000281910	URS0000013F57	NR_002980.1	677830	RF00407	SR0000222	Homo_sapiens300590	snoID_0508	Vertebrates	ENSG00000125107	CNOT1	AD-005, CDC39, KIAA1007, NOT1H, NOT1	protein_coding	58519951.00	58629886.00	-	chromatin: TF complex	2.00	rRNA						18S_U105, 18S_U34				Yes	180	157	78	86	286	93	12	93	12	3	3	5	2	4	AAGCACTGCCTTTGAACCTGATGTGTCTTGTTTGTAGCTTCACGGGCCAAGCAACAGTGCTAGAGCATAACGACTTGTTATAACTGGGGCTCTTCAGCTCTCAACTGAACTGCTCTTTTAAAAACAAGGTACATTT	0.0
snoDB144	SNORA25	ACA25, SNORA25A	H/ACA	11	93730513	93730646	-	134	ENSG00000207112	HGNC:32615	ENSG00000207112	URS00003818BD	NR_003028.1	684959	RF00402	SR0000065	Homo_sapiens300746	snoID_0453	Tetrapodes and Teleostes	ENSG00000166012	TAF1D	MGC5306, TAF(I)41, JOSD3	protein_coding	93729948.00	93784391.00	-	Ribosome biogenesis & translation	3.00	Others, rRNA				GINS3		18S_U801, 18S_U814				Yes	396	129	311	235	190	198	17	198	17	27	16	42	18	34	GGGTCATTTCAAAGAGGGCTTATGAGGCTGTGAAACCCAGAGCTCTTAACGCTGTGACCAAAGATGGAAGTTCTCTATAGGAAGCCATAGCACTCCTAATGTTTGGTGCTATGTTTTCCTGAGGAGATATAAAA	0.0
snoDB468	SNORA66	U66, RNU66	H/ACA	1	92840719	92840851	+	133	ENSG00000207523	HGNC:10223	ENSG00000207523	URS0000656AFD	NR_002444.2	26782	RF00155	SR0000021	Homo_sapiens300670	snoID_0500	Tetrapodes	ENSG00000122406	RPL5	L5, PPP1R135, uL18	protein_coding	92832025.00	92841924.00	+	ribosomal protein	13.00	Others, rRNA, snRNA			SCARNA7	MIF		18S_U119	SCARNA12, SNORA65, SNORA72, SNORD103A, SNORD13, SNORD25, SNORD52, SNORD60, SNORD63	U6		Yes	489	235	488	535	420	219	95	219	95	68	32	88	76	105	GTGCAAACTCGATCACTAGCTCTGCGTGATGTGGCAGAAGCGAAGGGAACCAGGTTTGCAAAAGTAACTGTGGTGATGGAAATGTGTTAGCCTCAGACACTACTGAGGTGGTTCTTTCTATCCTAGTACAGTC	7.52
snoDB708	SNORA5B	ACA5b	H/ACA	7	45105968	45106099	-	132	ENSG00000200656	HGNC:32589	ENSG00000200656	URS00006997AA	NR_002990.1	677795	RF00392	SR0000348	Homo_sapiens300622	snoID_0546	Tetrapodes and Teleostes	ENSG00000136270	TBRG4	Cpr2, FASTKD4, H_TD2522F11.8, KIAA0948	protein_coding	45100100.00	45112047.00	-	Non-nuclear: mito TGF beta regulator	1.00	rRNA						18S_U1238				No	0	0	0	0	0	1	7	1	7	2	2	3	1	5	GGCAGCCATGTCAAATTCAGTGCCTGCCCTGTCTATGGTAGGCACTGGCCCAGAAGACTGCCACAGAAACAGTGACTCACAGGCCCTGTTACTGTGTCCCAGGCTCAGGGATAAATTTGGTTACAGACACCA	7.58
snoDB173	SNORD102	U102, RNU102	C/D	13	27255064	27255135	+	72	ENSG00000207500	HGNC:10099	ENSG00000207500	URS0000446770	NR_002574.1	26771	RF00187	SR0000083	Homo_sapiens300597	snoID_0082	Tetrapodes and Teleostes	ENSG00000122026	RPL21	DKFZp686C06101, FLJ27458, L21, MGC104274, MGC104275, MGC71252	protein_coding	27251309.00	27256691.00	+	ribosomal protein	2.00	rRNA						28S_G4020, RNA5S10				Yes	167	260	232	584	168	60	93	60	93	61	35	66	53	117	AGCTTAATGATGACTGTTTTTTTTGATTGCTTGAAGCAATGTGAAAAACACATTTCACCGGCTCTGAAAGCT	0.0
snoDB179	SNORA75	SNORA75A, U23	H/ACA	2	231455800	231455936	-	137	ENSG00000206885	HGNC:32661	ENSG00000206885	URS00004640CB	NR_002921.1	654321	RF00072	SR0000280	Homo_sapiens300508	snoID_0478	Vertebrates	ENSG00000115053	NCL	C23, Nsr1	protein_coding	231453531.00	231483641.00	-	Ribosome biogenesis & translation	15.00	Others, rRNA, snRNA	LINC01194		SCARNA14			18S_U93	SNORD13, SNORD20, SNORD22, SNORD27, SNORD30, SNORD31, SNORD46, SNORD75, SNORD76	RNU11, RNU12, U4		Yes	254	53	197	368	69	258	49	258	49	7	5	8	5	11	GTCTTCTCATTGAGCTCCTTTCTGTCTATCAGTGGCAGTTTATGGATTCGCACGAGAAGAAGAGAGAATTCACAGAACTAGCATTATTTTACCTTCTGTCTTTACAGAGGTATATTTAGCTGTATTGTGAGACATTC	0.0
snoDB151	SNORD49A	U49, U49A, RNU49	C/D	17	16440036	16440106	+	71	ENSG00000277370	HGNC:10189	ENSG00000277370	URS00003B08B2	NR_002744.1	26800	RF00277	SR0000234	Homo_sapiens300704	snoID_0090	Vertebrates	ENSG00000175061	SNHG29	MGC40157, C17orf45, C17orf76-AS1, FAM211A-AS1, LRRC75A-AS1, NCRNA00188	processed_transcript	16438822.00	16478678.00	+		10.00	Others, rRNA, snRNA	MIR155HG					28S_C4426, RNA5S10	snoR1, SNORD46, SNORD48, SNORD50A, SNORD51	RNU11, RNU12		Yes	261	768	325	955	879	53	34	53	34	21	9	29	15	19	TGCTCTGATGAAATCACTAATAGGAAGTGCCGTCAGAAGCGATAACTGACGAAGACTACTCCTGTCTGATT	0.0
snoDB219	SNORD83A	U83A, RNU83A	C/D	22	39315213	39315307	-	95	ENSG00000209482	HGNC:17131	ENSG00000209482	URS000054DD16	NR_000027.1	116937	RF00593	SR0000301	Homo_sapiens300685	snoID_0010	Deuterostomes	ENSG00000100316	RPL3	L3	protein_coding	39312882.00	39320389.00	-	ribosomal protein	7.00	Others, rRNA				FREM1, GLI2, SLC26A6		18S_468	SNORD117, SNORD43		TRNA-ILE-ATA_TRNA	Yes	187	327	436	429	451	203	128	203	128	85	44	158	79	58	GCTGTTCGTTGATGAGGCTCAGAGTGAGCGCTGGGTACAGCGCCCGAATCGGACAGTGTAGAACCATTCTCTACTGCCTTCCTTCTGAGAACAGC	0.0
snoDB230	SNORD94	U94	C/D	2	86135870	86136006	+	137	ENSG00000208772	HGNC:32756	ENSG00000208772	URS00005ACA64	NR_004378.1	692225	RF00613	SR0000274	Homo_sapiens300500	snoID_0181	Vertebrates	ENSG00000132300	PTCD3	DKFZp666K071, FLJ20758	protein_coding	86106182.00	86142157.00	+	Non-nuclear: mitochondrial	18.00	Others, snRNA			SCARNA14, SCARNA17, SCARNA7	P3H3, SRPR			SCARNA10, SCARNA12, SNORD117, SNORD12C, SNORD20, SNORD22, SNORD27, SNORD31, SNORD41, SNORD53, SNORD81, U6	U6_C62		Yes	378	500	650	686	890	136	5	136	5	1	1	2	1	2	CAGGCTGTGATGATTGGCGCAGGGGTACGGACCTCAGCTGAGTCATGGGAGCTGAATGTATGTGTTTCTCCTTTGTCCTGCATGTGGCAGGCTGATGGGGAGCACTTACATGAGACTGTTGCCTCAATCTGAGCCTG	7.3
snoDB1947	SNORD64	HBII-13	C/D	15	24985100	24985166	+	67	ENSG00000276610	HGNC:32725	ENSG00000276610	URS00006A82CA	NR_001294.1	347686	RF00570	SR0000133	Homo_sapiens300402	snoID_0014	Eutherians	ENSG00000224078	SNHG14	NCRNA00214, UBE3A-AS, UBE3A-ATS, UBE3A-AS1	processed_transcript	24978583.00	25419462.00	+		9.00	Others				PWAR5			SNORA35, SNORD108, SNORD109A, SNORD115, SNORD115-11, SNORD116, SNORD116-9			Yes	49	91	221	163	404	5	19	5	19	15	8	72	23	66	GGATTTGTGATGAGCTGTGTTTACTGAGCATGATGAAGTAAAGCTCAACGTGATTACTCTGAAGTCC	0.0
snoDB388	SNORA73B		H/ACA	1	28508559	28508762	+	204	ENSG00000200087		ENSG00000200087	URS00006422E6			RF00045		Homo_sapiens300650			ENSG00000242125	SNHG3	NCRNA00014, U17HG, U17HG-A, RNU17C, RNU17D	sense_intronic	28505980.00	28510892.00	+		15.00	Others	SNHG3		OIP5-AS1, SNHG1, SNHG11	ADAM2, DGKA, IL1A, SLC18A1, TCF4, TMEM53, UNC50, UPB1	MTCO1P15		RNU105C, SNORA73A			Yes	2362	570	1968	1054	828	2015	8	2015	8	17	5	19	7	10	CCAACGTGGATACCCTGGGAGGTCACTCTCCCCAGGCTCTGTCCAAGTGGCATAGGGGAGCTTAGGGCTCTGCCCCATGATGTACAGTCCCTTTCCACAACGTTGAAGATGAAGCTGGGCCTCGTGTCTGCGCCTGCATATTCCTACAGCTTCCCAGAGTCCTGTGGACAATGACTGGGGAGACAAACCATGCAGGAAACATAT	0.0
snoDB199	SNORD62A	U62, U62A, RNU62	C/D	9	131485665	131485750	+	86	ENSG00000235284	HGNC:10219	ENSG00000235284	URS00004D7B5D	NR_002914.1	26786	RF00153	SR0000359	Homo_sapiens300578	snoID_0108	Amniotes	ENSG00000130723	PRRC2B	LQFBS-1, MGC10526, BAT2L, BAT2L1, KIAA0515	protein_coding	131394093.00	131500197.00	+	poorly characterized	9.00	Others, rRNA			GAS5, SNHG1			18S_A590, 28S_4468	SCARNA12, SNORA14B, SNORA21, SNORA62, SNORA75			Yes	137	336	325	576	269	58	74	58	74	31	12	41	31	16	TCTCAGTGATGTAATTCCAATAGATCCTTCTGACCCTCCACTGTGGACTCAATAGCAGGGAGATGAAGAGGACAGTGACTGAGAGA	11.63
snoDB1044	SNORA51		H/ACA	4	40082983	40083106	+	124	ENSG00000201863		ENSG00000201863	URS00006EF2A4			RF00432					ENSG00000078177	N4BP2	B3BP	protein_coding	40056826.00	40158252.00	+	'other: 5''-polynucleotide kinase and nicking endonuclease activity. May play a role in DNA repair or recombination'	1.00	rRNA						28S_1849				No	0	0	0	0	0	25	2	25	2	1	1	2	1	1	AGCCACCGCACCCGGCCGGGCTGTATTCTTACACTGACTGTATAGAAAGAGGAGATAGAGTAAACCTACCCCGTATACTTCAGCCCACGCCCTGTGCCTGTTCTGTATTATGAAGCGGGGTTGG	8.06
snoDB190	SNORA32	ACA32	H/ACA	11	93730979	93731099	-	121	ENSG00000206799	HGNC:32622	ENSG00000206799	URS00004AEC70	NR_003032.1	692063	RF00421	SR0000066	Homo_sapiens300747	snoID_0510	Tetrapodes and Teleostes	ENSG00000166012	TAF1D	MGC5306, TAF(I)41, JOSD3	protein_coding	93729948.00	93784391.00	-	Ribosome biogenesis & translation	1.00	rRNA						28S_U1847				Yes	178	63	138	234	183	120	17	120	17	27	16	42	18	34	TGGTCATTACCAAGGCTTTTAGAATGCAGTTTCTCATTTGCTGTGGACATGACCATAAAAAAATTTCCCAGTAGGTTTTCTATCTGCTACTTTGCTAGCAATCAGCTTATTGGGAACAGTT	8.26
snoDB88	SNORD83B	U83B, RNU83B	C/D	22	39313819	39313911	-	93	ENSG00000209480	HGNC:17132	ENSG00000209480	URS000027315D	NR_000028.1	116938	RF00593	SR0000300	Homo_sapiens300684	snoID_0114	Deuterostomes	ENSG00000100316	RPL3	L3	protein_coding	39312882.00	39320389.00	-	ribosomal protein	10.00	Others, rRNA, snRNA				CYTH1, NOP14, RPS5, SRSF3		18S_468, RNA5-8SP6	SNORA48, SNORA65, U17_SNRNA	RNU6ATAC		Yes	621	1365	2439	1939	1766	506	128	506	128	85	44	158	79	58	GCTGTTCAGTGATGAGGCCTGGAATGTGCGCTGGGCACAGCGCCCGAGACAGACTGCGGAACCGTTCCTTGTTGCCTTCCTTCTGAGAACAGC	0.0
snoDB125	SNORA15	ACA15, SNORA15A	H/ACA	7	56060470	56060602	+	133	ENSG00000207168	HGNC:32604	ENSG00000207168	URS000031F86D	NR_002957.1	677803	RF00398	SR0000349	Homo_sapiens300624	snoID_0537	Therians	ENSG00000146731	CCT6A	Cctz, HTR3, TCP20, TCPZ, TTCP20, CCT6	protein_coding	56051630.00	56063989.00	+	Non-nuclear: chaperonine	2.00	Others, rRNA				AMN		18S_U1367				Yes	58	45	26	56	56	30	26	30	26	4	3	5	1	9	GCATGGCCGAATACTGTGTTTTTATCAGTAGTTTACACAGCCAGACACCATGCAAAAGCAGTCTTCCCTTTAGAATGACTGATGGTATGCTAAGGTTTTTCATAGCATATCATTATTAAAGGTGAATACAAAT	0.0
snoDB211	SNORD73A	RNU73A, U73a, RNU73	C/D	4	151103827	151103891	+	65	ENSG00000208797	HGNC:10235	ENSG00000208797	URS000051B5A1	NR_000007.1	8944	RF00071	SR0000321	Homo_sapiens300543	snoID_0189	Tetrapodes and Teleostes	ENSG00000145425	RPS3A	S3A, MFTL	protein_coding	151099573.00	151104652.00	+	ribosomal protein	2.00	Others, rRNA						28S_1747	U2			Yes	426	448	755	832	366	83	263	83	263	126	50	154	123	188	AATAAGTGATGAAAAAAGTTTCGGTCCCAGATGATGGCCAGTGATAACAACATTTTTCTGATGTT	0.0
snoDB1669	SNORD115		C/D	10	29575306	29575381	+	76	ENSG00000212411		ENSG00000212411	URS0000674E65			RF00105		Homo_sapiens300180			ENSG00000197321	SVIL		protein_coding	29457338.00	29736781.00	-		18.00	Others, snRNA	TERC	AC002407.3, MIR106B, MIR17HG, MIR379	RN7SL1	HTR2C			SNORA35, SNORD108, SNORD109A, SNORD113-1, SNORD115-11, SNORD116, SNORD116-9, SNORD119, SNORD64	RN7SK		No	0	0	0	0	0	0	2	0	2	4	1	6	5	37	AGGCCAATGCTGAATTATTATCTTGACGAGAAATGATGACGTAAAAATTAAGCTTAGTAGGATTACACTGAGGCCC	13.16
snoDB111	SNORD48	U48, RNU48	C/D	6	31835263	31835326	+	64	ENSG00000201823	HGNC:10188	ENSG00000201823	URS0000712944			RF00282	SR0000335	Homo_sapiens300528	snoID_0046	Tetrapodes and Teleostes	ENSG00000204387	C6orf48	D6S57, G8	protein_coding	31834608.00	31839766.00	+	poorly characterized	4.00	Others, rRNA, snRNA				ASH1L		28S_1868, 28S_C2279		RNU4-4P		Yes	370	251	605	419	256	70	27	70	27	9	2	14	10	2	AGTGATGATGACCCCAGGTAACTCTTGAGTGTGTCGCTGATGCCATCACCGCAGCGCTCTGACC	15.62
snoDB185	SNORA73A		H/ACA	1	28507366	28507571	+	206	ENSG00000274266		ENSG00000274266	URS00004A4D73			RF00045					ENSG00000242125	SNHG3	NCRNA00014, U17HG, U17HG-A, RNU17C, RNU17D	sense_intronic	28505980.00	28510892.00	+		12.00	Others, rRNA, snRNA	MEG3, SNHG3		SCARNA17, SNHG1			RNA5S10	RNU105C, SNORA73B, SNORA74A, SNORD25, SNORD7	RNU1-4, RNU5F-1		Yes	1788	434	1382	760	828	1749	8	1749	8	17	5	19	7	10	CCAACGTGGATACACCCGGGAGGTCACTCTCCCCGGGCTCTGTCCAAGTGGCGTAGGGGAGCATAGGGCTCTGCCCCATGATGTACAAGTCCCTTTCCACAACGTTGGAAATAAAGCTGGGCCTCGTGTCTGCGCCTGCATATTCCTACAGCTTCCCAGAGTCCTGTCGACAATTACTGGGGAGACAAACCATGCAGGAAACAGCC	0.0
snoDB240	SNORA14B	ACA14b	H/ACA	1	235127803	235127937	-	135	ENSG00000207181	HGNC:32603	ENSG00000207181	URS00005F2496	NR_002956.1	677802	RF00397	SR0000040	Homo_sapiens300679	snoID_0495	Amniotes	ENSG00000173726	TOMM20	KIAA0016, MAS20, MOM19, TOM20	protein_coding	235109336.00	235128936.00	-	Non-nuclear: mito	4.00	Others, rRNA						18S_U966	SNORD103A, SNORD62A, TOMM7			Yes	900	445	1118	728	1123	254	19	254	19	6	4	9	2	7	CTGCATTCTTAAACCCTCTTGGTAGCTTCGTTCTAAGTGCTTCCAAGATATGAGTGAATGCTATAGAAATTGCAGGGGAGTCCAAAGGGCTGCGCTTCTCCCGTGGCTCAGTCTTATTTCATACCTGCGACATCT	0.0
snoDB76	SNORA30	ACA30, SNORA30A	H/ACA	16	30710537	30710665	+	129	ENSG00000206755	HGNC:32620	ENSG00000206755	URS000022C1CA	NR_002966.1	677813	RF00415	SR0000220	Homo_sapiens300587	snoID_0490	Tetrapodes and Teleostes	ENSG00000080603	SRCAP	DOMO1, EAF1, KIAA0309, SWR1	protein_coding	30698209.00	30741409.00	+	chromatin: chromatin remodelling	1.00	rRNA						28S_U4643				Yes	34	9	29	12	26	90	0	90	0	0	0	0	0	0	CTGGCACTTTCACAGTTCCTTCCCCAGGCAGTGGGGCCAGGATTTGGTAGCTGGTGCTGAGAGAAAACCCTTGATTGTATTCTTGCCCTGGGATTATACCAGTGGCAACTGTCACTCAATGGGACAGTG	0.0
snoDB464	SNORA80D		H/ACA	7	6016877	6017011	+	135	ENSG00000207217	HGNC:50435	ENSG00000207217	URS0000656163	NR_145771.1	109616999	RF00406		Homo_sapiens300618	snoID_0675	Vertebrates	ENSG00000106305	AIMP2	JTV1, JTV-1, p38, PRO0992	protein_coding	6009245.00	6023834.00	+	Ribosome biogenesis & translation	4.00	Others, rRNA				KCND2, STX4	C1GALT1P3	18S				Yes	13	6	15	2	56	16	9	16	9	1	2	2	0	3	GCATGGGTTTGGATTATGACAGGCCCATCCCCCTGGACCTCTCATAGTGCCCCATGCCAGAGCAAACTGTGGCCCCGAACCATTGCCTGGCTTCTGTACCCGTGGGCCACTGGCACTGAAGAGGGTTACACAGTG	14.81
snoDB84	SNORD35A	RNU35A, U35, RNU35	C/D	19	49491175	49491260	+	86	ENSG00000200259	HGNC:10162	ENSG00000200259	URS000026935A	NR_000018.1	26816	RF00211	SR0000267	Homo_sapiens300566	snoID_0077	Vertebrates	ENSG00000142541	RPL13A	L13A, TSTA1	protein_coding	49487554.00	49492308.00	+	ribosomal protein	4.00	Others, rRNA				FKBP10		28S_C4506	SNORA58, SNORA7B			Yes	1180	735	3688	1457	424	298	201	298	201	106	42	160	86	189	GGCAGATGATGTCCTTATCTCACGATGGTCTGCGGATGTCCCTGTGGGAATGGCGACAATGCCAATGGCTTAGCTGATGCCAGGAG	23.26
snoDB1492	SNORD113-1		C/D	14	100924824	100924892	+	69	ENSG00000202191		ENSG00000202191	URS0000AA385E								ENSG00000225746	MEG8	AL132709.8, Bsr, Irm, LINC00024, lnc-MGC, NCRNA00024, Rian, SNHG23, SNHG24	lincRNA	100894770.00	101027415.00	+	RNA binding, processing, splicing	6.00	Others, snRNA	MIR7-3HG, TERC		RN7SL1				SNORD115, SNORD116	RN7SK		Yes	1	0	0	0	0	0	0	0	0	10	1	3	13	3	GTGAGTGATGAATAGTTCTGTGGCATATGAATCATTAATTTTGATTAAACCCTAAACTCTGAAGTCCAT	0.0
snoDB733	SNORD31B		C/D	13	107320895	107320963	-	69	ENSG00000201847	HGNC:52226	ENSG00000201847	URS00006A238C	NR_145739.1	109616978	RF00089		Homo_sapiens300601	snoID_0279	Deuterostomes	ENSG00000204442	FAM155A		protein_coding	107163510.00	107866735.00	-	poorly characterized	26.00	Others, rRNA, snRNA			SCARNA14, SCARNA17, SCARNA7, SNHG1			18S, 28S	SCARNA12, SNORA75, SNORD13, SNORD20, SNORD22, SNORD25, SNORD27, SNORD30, SNORD41, SNORD46, SNORD47, SNORD48, SNORD51, SNORD53, SNORD60, SNORD63, SNORD81, SNORD94	RNU11, U6		No	0	0	0	0	0	2	0	2	0	0	0	0	0	0	ACCACCAGTGATGAGTTGAATACTGCCCCAGTCTGATCAACATGCGTGAAAGATATTTTCTGAGCTGTG	0.0
snoDB1240	SNORA47	HBI-115	H/ACA	5	77080434	77080571	-	138	ENSG00000238961	HGNC:32640	ENSG00000238961	URS0000723018	NR_003014.2	677828	RF01234	SR0000323	Homo_sapiens300758	snoID_0538	Amniotes	ENSG00000132846	ZBED3	MGC15435	protein_coding	77072072.00	77087323.00	-	poorly characterized	7.00	Others, rRNA						28S_U1766	SNORA11, SNORA65, SNORA78, SNORD116-9, SNORD28, SNORD66			Yes	54	37	62	38	23	7	0	7	0	0	0	0	0	0	TGGAGGACTGAGAAGGTGAGGCAGTTTTGCCCCGTGCTGCCTTCCACCGGTTAAGACCTCCAAAATCGAAGGGCTGCCCAGGCAGAGGATGTCCCCTTGCCACCCTTGGAGGGGCAGCGCTGTGCTGGCCGACATTTG	0.0
snoDB170	SNORA48	ACA48, SNORA48A	H/ACA	17	7574713	7574847	+	135	ENSG00000209582	HGNC:32641	ENSG00000209582	URS0000438819	NR_002918.1	652965	RF00554	SR0000228	Homo_sapiens300700	snoID_0501	Vertebrates	ENSG00000161960	EIF4A1	DDX2A, EIF-4A, EIF4A	protein_coding	7572706.00	7579005.00	+	Ribosome biogenesis & translation	2.00	Others, rRNA				MICALL2		28S_U3797				Yes	3045	947	4323	1345	1724	712	4	712	4	3	1	3	2	1	TGTCCCTGACCTGGGTAGAGTGGCATCTGGTTGGTGATGCCCATCTCATATCAGCCAGGGACAAAGCAACTCCTTGTTCATCCCAGCTTGGCTTTTGATCCGTGCCCATGCCTGGTTCATGCCTTGGACACATAG	0.0
snoDB1946	SNORD67	HBII-166	C/D	11	46762389	46762499	-	111	ENSG00000212135	HGNC:32728	ENSG00000212135	URS00006A5FBC	NR_003056.1	692108	RF00573	SR0000052	Homo_sapiens300738	snoID_0106	Deuterostomes	ENSG00000175216	CKAP5	ch-TOG, KIAA0097, TOG, TOGp	protein_coding	46743048.00	46846308.00	-	Non-nuclear: cytoskeleton	4.00	Others, snRNA				BRAT1				RNU6-966P, U6, U6_C60		Yes	149	94	514	809	255	99	20	99	20	2	1	3	2	5	TGTGAGAGTGATGAGTTGCACACTGGTGGAGCCATGGTATCAGGTGATACAGGCACCACTCAGTATCACCCTGGTGACAAAATCAAGTGCACAGGGGCCATCTGACTCACA	0.0
snoDB296	SNORD110	HBII-55	C/D	20	2654212	2654286	+	75	ENSG00000221116	HGNC:32775	ENSG00000221116	URS000062ED01	NR_003078.1	692213	RF00610	SR0000285	Homo_sapiens300475	snoID_0097	Amniotes	ENSG00000101361	NOP56	SCA36, NOL5A	protein_coding	2652145.00	2658393.00	+	Ribosome biogenesis & translation	4.00	Others, rRNA			SNHG1	DEAF1, MBOAT2		18S_U1288				Yes	4178	1202	3461	4745	2060	317	24	317	24	3	1	4	1	3	TTGCAGTGATGACTTGCGAATCAAATCTGTCAATCCCCTGAGTGCAATCACTGATGTCTCCATGTCTCTGAGCAA	0.0
snoDB1329	SNORD103A	U103	C/D	1	30935689	30935776	-	88	NR_004054	HGNC:32766		URS000075CFA2	NR_004054.2	692234		SR0000009		snoID_0123	Vertebrates	ENSG00000134644	PUM1	KIAA0099, PUMH1	protein_coding	30931506.00	31065991.00	-	RNA binding, processing, splicing	7.00	Others, rRNA			SCARNA17, SNHG5			18S_G601	SCARNA12, SNORA14B, SNORA66, SNORD104			Yes	405	555	610	708	55	122	9	122	9	3	2	5	2	3	TTGTCTGGCAATGATGACCCACTTGCCCTCACTGAGAACAAAGTTCGGTAATGAGAATCTTTGTTAATGGACTCAAGTTCTGAGCCAG	0.0
snoDB193	SNORD59A	U59, RNU59	C/D	12	56645027	56645101	-	75	ENSG00000207031	HGNC:10210	ENSG00000207031	URS00004BEE5E	NR_002737.1	26789	RF00273	SR0000080	Homo_sapiens300691	snoID_0034	Tetrapodes and Teleostes	ENSG00000110955	ATP5F1B	ATP5B, ATPSB	protein_coding	56638175.00	56646068.00	-	Non-nuclear: mitochondrial ATPase	18.00	Others, rRNA, snRNA						18S_A1031, RNA5S10	SCARNA10, SCARNA12, SNORA72, SNORD116-9, SNORD117, SNORD13, SNORD20, SNORD22, SNORD47, SNORD48, SNORD50A, SNORD53, SNORD60, SNORD82	U6		Yes	728	485	812	541	925	189	120	189	120	19	24	29	4	100	CCTTCTATGATGATTTTATCAAAATGACTTTCGTTCTTCTGAGTTTGCTGAAGCCACATTTAGGTACTGAGAAGG	0.0
snoDB1944	SNORD118		C/D	17	8173454	8173587	-	134	ENSG00000200463		ENSG00000200463	URS000069D3EA			RF00096					ENSG00000179029	TMEM107	MGC10744	protein_coding	8173237.00	8176399.00	-	Non-nuclear: membrane	48.00	Others, rRNA, snRNA	RP11-219J21, RP11-473M20, RP3-393E18, RP5-1039K5		GAS5, RP11-977G19, SNHG1	ABCB7, CRAMP1, DBNL, DDX17, DNAJB14, EHD3, FBN3, GANAB, GARS, GNB1, GRN, LMTK2, LSM4, MT-CO2, MT-CYB, NR1H2, NXT2, PSME4, RGL2, RILPL2, RPL13A, RPL5, RPTOR, SCD, SCN8A, SYTL5, TIAL1, TTC26, ZNF536, ZNF624	QTRT1P1, RP11-456J20, RP11-550A9	MT-RNR1	SNORD117, SNORD47, SNORD48, SNORD53	RNU1-77P, RNU4-2, U4		Yes	1134	1422	841	973	2854	676	3	676	3	3	0	2	1	1	TCGTCAGGTGGGATAATCCTTACCTGTTCCTCCTCCGGAGGGCAGATTAGAACATGATGATTGGAGATGCATGAAACGTGATTAACGTCTCTGCGTAATCAGGACTTGCAACACCCTGATTGCTCCTGTCTGAT	44.78
snoDB166	SNORD27	U27, RNU27	C/D	11	62855012	62855083	-	72	ENSG00000275996	HGNC:10149	ENSG00000275996	URS000041615F	NR_002563.1	9301	RF00086	SR0000059	Homo_sapiens300167	snoID_0072	Tetrapodes and Teleostes	ENSG00000255717	SNHG1	LINC00057, lncRNA16, NCRNA00057, UHG	processed_transcript	62851988.00	62855914.00	-		24.00	Others, rRNA, snRNA	LINC01194		SCARNA7	ABCA8, E2F7, FER, MAP4K3, ZBTB37		18S_A27	SCARNA10, SNORA70, SNORA75, SNORD117, SNORD13, SNORD20, SNORD22, SNORD25, SNORD30, SNORD31, SNORD43, SNORD47, SNORD79, SNORD94	RNU11, RNU12		Yes	3513	1846	4380	3347	1233	1266	40	1266	40	3	1	4	3	1	ACTCCATGATGAACACAAAATGACAAGCATATGGCTGAACTTTCAAGTGATGTCATCTTACTACTGAGAAGT	0.0
snoDB218	SNORD20	U20, RNU20	C/D	2	231456444	231456523	-	80	ENSG00000207280	HGNC:10143	ENSG00000207280	URS000053D4AB	NR_002908.1	6082	RF00217	SR0000281	Homo_sapiens300509	snoID_0145	Tetrapodes and Teleostes	ENSG00000115053	NCL	C23, Nsr1	protein_coding	231453531.00	231483641.00	-	Ribosome biogenesis & translation	26.00	Others, rRNA, snRNA			SCARNA14, SCARNA17, SCARNA7, Y_RNA			18S_U1804	SCARNA10, SCARNA12, SNORA75, SNORD117, SNORD13, SNORD22, SNORD27, SNORD30, SNORD31, SNORD41, SNORD46, SNORD47, SNORD50A, SNORD53, SNORD59A, SNORD80, SNORD94	RNU12, U4	TRNA-PRO-CCG_TRNA	Yes	1342	577	2860	2938	89	703	49	703	49	7	5	8	5	11	TGGATATGATGACTGATTACCTGAGAAATAATTGATGAAATCTCAAGAAAATTCCTCTAGATAGTCAAGTTCTGATCCAG	0.0
snoDB1651	SNORD53	SNORD53A, U53, RNU53	C/D	2	28927067	28927144	+	78	ENSG00000265145	HGNC:10203	ENSG00000265145	URS000065DBA2	NR_002741.3	26796	RF00325	SR0000273	Homo_sapiens300496	snoID_0210	Tetrapodes and Teleostes	ENSG00000163811	WDR43	KIAA0007, NET12, UTP5	protein_coding	28894643.00	28948222.00	+	poorly characterized	22.00	Others, rRNA, snRNA			SCARNA13, SCARNA14, SCARNA17, SCARNA7			28S_C3848, RNA5S10	SCARNA12, SNORD104, SNORD117, SNORD118, SNORD13, SNORD20, SNORD22, SNORD31, SNORD41, SNORD47, SNORD48, SNORD59A, SNORD60, SNORD74, SNORD94	RNU12		Yes	289	147	478	230	169	41	14	41	14	2	1	2	1	4	ATGCTATGATGACATCCATATGGTTTCGCTGCTGGCTGAGTTTCAGAGATGACACCTTTCTCTTGGCTGTCTGAGCAT	0.0
snoDB60	SNORD41	U41, RNU41	C/D	19	12706449	12706518	-	70	ENSG00000209702	HGNC:10179	ENSG00000209702	URS0000185C0B	NR_002751.1	26810	RF00588	SR0000261	Homo_sapiens300559	snoID_0212	Eutherians	ENSG00000105576	TNPO2	FLJ12155, IPO3, KPNB2B, TRN2	protein_coding	12699194.00	12724011.00	-	other: nuclear traffic regulation	19.00	Others, rRNA, snRNA			pRNA, SCARNA14, SCARNA17, SCARNA7, SNHG12	PVRL1		28S_U4276, RNA5S10	SCARNA12, SNORD20, SNORD28, SNORD31, SNORD37, SNORD44, SNORD51, SNORD53, SNORD60, SNORD94	RNU12		Yes	820	305	756	978	264	318	4	318	4	3	2	3	2	3	TGGGAAGTGATGACACCTGTGACTGTTGATGTGGAACTGATTTATCGCGTATTCGTACTGGCTGATCCTG	0.0
snoDB437	SNORD13	RNU13, SNORD13A, U13	C/D	8	33513475	33513578	+	104	ENSG00000239039	HGNC:32711	ENSG00000239039	URS000064F355	NR_003041.1	692084	RF01210	SR0000352		snoID_0009	Vertebrates	ENSG00000129696	TTI2	FLJ23263, C8orf41	protein_coding	33473386.00	33513601.00	-	chromatin: DNA damage response	20.00	Others, rRNA, snRNA	ZNF667-AS1		SNHG1	CHST7, PRODH2		18S	SNORA66, SNORA75, SNORD10, SNORD20, SNORD22, SNORD25, SNORD27, SNORD31, SNORD46, SNORD47, SNORD48, SNORD53, SNORD59A	RNU11, RNU12		Yes	1469	992	1507	725	540	496	2	496	2	0	0	1	0	1	ATCCTTTTGTAGTTCATGAGCGTGATGATTGGGTGTTCATACGCTTGTGTGAGATGTGCCACCCTTGAACCTTGTTACGACGTGGGCACATTACCCGTCTGACC	38.46
snoDB205	SNORD47	U47, RNU47	C/D	1	173864369	173864445	-	77	NR_002746	HGNC:10187		URS0000507EBE	NR_002746.1	26802	RF00281	SR0000027	Homo_sapiens300198	snoID_0143	Tetrapodes and Teleostes	ENSG00000234741	GAS5	NCRNA00030, SNHG2	processed_transcript	173863900.00	173868882.00	-	RNA binding, processing, splicing	19.00	Others, rRNA, snRNA						28S_C3866	SCARNA12, SNORA65, SNORD117, SNORD118, SNORD13, SNORD20, SNORD22, SNORD27, SNORD31, SNORD37, SNORD44, SNORD46, SNORD48, SNORD51, SNORD53, SNORD59A, SNORD60	U6		Yes	373	163	688	347	186	58	116	58	116	48	14	65	52	21	AACCAATGATGTAATGATTCTGCCAAATGAAATATAATGATATCACTGTAAAACCGTTCCATTTTGATTCTGAGGTT	0.0
snoDB53	SCARNA12	U89		12	6967337	6967606	-	270	ENSG00000238795	HGNC:32569	ENSG00000238795	URS000014FF3E	NR_003010.1	677777	RF01294	SR0000075	Homo_sapiens300787	snoID_0607	Eutherians	ENSG00000215021	PHB2	Bap37, BCAP37, p22, REA	protein_coding	6965327.00	6970825.00	-	chromatin: mediator of transcriptional repression	21.00	Others, rRNA, snRNA			CTD-2135D7, SCARNA14, SCARNA17, SCARNA6, SCARNA7			RNA5S10	SCARNA10, SNORA66, SNORD103A, SNORD20, SNORD31, SNORD41, SNORD47, SNORD53, SNORD59A, SNORD60, SNORD62A, SNORD81, SNORD94	RNU5F-1, U5_U46		Yes	49	39	66	22	79	46	40	46	40	11	15	21	7	30	CAGGCTGATGAGACTAAGGCGAATGCGACTCCGTGCTCTCTGGCCCTTGGCTCCTTGTTGGGGGTGGGGACTACAGATGAGATCTGAAATCTTAGTGGTAGTACCTGAGCCATGACTCCCCACTGTAAGGCCAGATCAATAGCATTGGTGGCCTTGCCTTCATTTCTGGTGCTGCCCCTAGTTCCTGGCAGCAGCCTGCAGGGAGGCCCACAGGTGGGGTCCACGGTAGGGCTGGGCACAAGCCACCTGAGCGCAACCTTGGATCTGACA	0.0
snoDB1668	SNORD22	U22, RNU22	C/D	11	62852910	62853035	-	126	ENSG00000277194	HGNC:10145	ENSG00000277194	URS000066FABB	NR_000008.2	9304	RF00099	SR0000054	Homo_sapiens300162	snoID_0137	Vertebrates	ENSG00000255717	SNHG1	LINC00057, lncRNA16, NCRNA00057, UHG	processed_transcript	62851988.00	62855914.00	-		25.00	Others, rRNA, snRNA	SNHG3, XIST		GAS5, SNHG1, SNHG5			18S, 28S	SNORA75, SNORD117, SNORD13, SNORD20, SNORD27, SNORD31, SNORD47, SNORD51, SNORD53, SNORD59A, SNORD63, SNORD74, SNORD94	RNU11, RNU12, RNU2-1, U6		Yes	753	415	733	1015	722	939	40	939	40	3	1	4	3	1	TCCCAATGAAGAAACTTTCACATGTCTTACTCTCTGTCCTAGTCCCAGAGCCTGTAAAGGTGAACCCACTGGGACTGGCTGGGGGAGAAGAGGAAGATTTGTTCCAGAAGGAACTGTCTGAGGGAT	0.0
snoDB203	SNORD30	U30, RNU30	C/D	11	62853663	62853732	-	70	ENSG00000277846	HGNC:10157	ENSG00000277846	URS00004E0FA9	NR_002561.1	9299	RF00088	SR0000056	Homo_sapiens300164	snoID_0040	Tetrapodes and Teleostes	ENSG00000255717	SNHG1	LINC00057, lncRNA16, NCRNA00057, UHG	processed_transcript	62851988.00	62855914.00	-		18.00	Others, rRNA, snRNA	LINC-ROR		7SK, SCARNA7			18S_1383, 28S_A3804	SNORA70, SNORA75, SNORD20, SNORD25, SNORD27, SNORD31, SNORD44, SNORD60	RN7SK, RNU11, RNU12, U4, U4atac		Yes	275	171	353	631	156	108	40	108	40	3	1	4	3	1	GTTTGTGATGACTTACATGGAATCTCGTTCGGCTGATGACTTGCTGTTGAGACTCTGAAATCTGATTTTC	0.0
